timesteps,episodes,total_reward,faf_reach,average_drift,total_intrusions,average_vinput,average_hdginput,TimeLimit.truncated
350,1,-115.3354001368759,[0. 0. 0. 0. 1. 0. 0. 0. 0. 0. 0. 0. 0. 1. 1. 0. 0. 0. 0. 0.],1.6762200019553701,1,-0.0017806330645856049,-0.7942920748477004,True
700,2,-122.20093396578935,[0. 0. 0. 0. 1. 0. 0. 0. 0. 0. 0. 0. 0. 0. 0. 0. 0. 0. 0. 0.],1.7171561995112763,3,-0.009932011968880293,-1.1688999772703808,True
1050,3,-142.642623126409,[0. 0. 0. 0. 0. 0. 0. 0. 0. 0. 0. 0. 0. 0. 0. 0. 0. 0. 0. 0.],1.8663231875201283,12,0.0029714416314770157,-0.503613913188123,True
1400,4,-120.35694376483158,[0. 0. 0. 0. 0. 0. 0. 0. 0. 1. 0. 0. 0. 0. 0. 0. 0. 0. 0. 1.],1.7336706252118799,1,0.002540942355262814,-0.9010470885814617,True
1750,5,-122.74538036367206,[0. 0. 0. 0. 1. 0. 0. 0. 0. 0. 0. 0. 0. 1. 0. 0. 0. 0. 0. 0.],1.7249340051953153,4,0.0029914499190137056,-0.7856447212346497,True
2100,6,-122.2268306595,[0. 0. 0. 0. 0. 0. 0. 0. 0. 0. 0. 0. 0. 0. 0. 0. 0. 0. 1. 0.],1.7175261522785714,3,0.00748267890715007,-0.2887078668901397,True
2450,7,-125.11008052699567,[0. 0. 0. 0. 0. 1. 0. 0. 0. 0. 0. 0. 0. 1. 0. 0. 0. 1. 0. 0.],1.8015725789570813,2,0.004174857361453624,-0.4093960130654931,True
2800,8,-119.43788357592683,[0. 0. 0. 1. 0. 0. 0. 0. 1. 0. 0. 0. 0. 0. 0. 0. 0. 0. 0. 0.],1.7062554796560976,2,0.0016590850815139545,-0.5184919912861785,True
3150,9,-119.08699192641873,[1. 0. 0. 0. 0. 0. 0. 0. 0. 0. 0. 0. 0. 0. 0. 1. 0. 0. 0. 0.],1.6869570275202674,3,0.0013168171833598218,-0.506894280285009,True
3500,10,-120.79881284806359,[0. 0. 0. 0. 0. 0. 0. 0. 0. 0. 0. 0. 0. 1. 0. 0. 0. 0. 0. 0.],1.7114116121151937,2,0.0016184759780382071,-0.4717472071908248,True
3850,11,-130.63341084175133,[0. 0. 0. 0. 0. 0. 0. 0. 0. 0. 0. 0. 0. 0. 1. 1. 0. 0. 0. 0.],1.8947630120250194,0,0.002438879041522802,-0.431799793334953,True
4200,12,-119.02650721423507,[0. 0. 0. 0. 0. 0. 0. 0. 0. 0. 0. 0. 1. 0. 0. 0. 0. 0. 1. 0.],1.7289501030605006,0,0.0021200562666317205,-0.17382188166312906,True
4550,13,-116.0285992819996,[0. 1. 0. 0. 0. 0. 0. 0. 0. 0. 0. 0. 0. 0. 0. 0. 1. 0. 0. 0.],1.6289799897428512,4,0.00046745484360864075,-0.07695507537269745,True
4900,14,-124.44444670362738,[0. 0. 0. 0. 0. 0. 0. 0. 0. 0. 0. 0. 0. 0. 0. 0. 0. 0. 0. 0.],1.7634920957661053,1,0.0003960140547066231,-0.19788214425518943,True
5250,15,-114.98851323196885,[0. 0. 0. 0. 0. 0. 0. 0. 0. 0. 0. 0. 0. 0. 0. 0. 0. 0. 0. 0.],1.614121617599555,2,8.215463481818526e-05,0.03577545670135546,True
5600,16,-126.6319592201494,[0. 0. 1. 0. 0. 0. 1. 0. 0. 0. 0. 0. 0. 0. 0. 0. 0. 0. 0. 0.],1.8090279888592768,2,0.0013506284320250676,0.07771212290294248,True
5950,17,-120.08845288564076,[0. 1. 0. 0. 0. 0. 0. 0. 0. 0. 0. 0. 0. 0. 1. 1. 0. 0. 0. 0.],1.7298350412234396,2,0.0020755175992100794,-0.012489313894942473,True
6300,18,-129.05626262450613,[0. 0. 0. 0. 0. 0. 0. 1. 0. 0. 0. 0. 0. 0. 0. 0. 0. 0. 0. 0.],1.800803751778659,4,0.0005457841389111958,0.05954547141196339,True
6650,19,-115.42599354580649,[0. 0. 0. 0. 0. 1. 0. 0. 0. 0. 0. 0. 0. 0. 0. 0. 0. 0. 0. 0.],1.6489427649400925,1,0.00039420424125459713,0.05075348500937882,True
7000,20,-104.17986769071379,[0. 1. 0. 0. 1. 0. 0. 0. 0. 0. 0. 0. 0. 1. 1. 0. 0. 0. 1. 0.],1.4882838241530536,5,0.0005515048883550792,0.04887850476586859,True
7350,21,-122.41295909140378,[0. 0. 0. 0. 0. 0. 0. 0. 0. 0. 0. 0. 1. 0. 1. 0. 0. 1. 0. 0.],1.7630422727343398,2,0.0005675306137120406,-0.027465407537267904,True
7700,22,-129.08113037113156,[0. 0. 0. 0. 0. 0. 0. 0. 0. 0. 0. 0. 0. 0. 0. 0. 1. 0. 0. 0.],1.829730433873308,2,0.00019451949119448053,-0.012629401959424427,True
8050,23,-120.25124549805173,[0. 0. 0. 1. 1. 0. 0. 0. 0. 0. 0. 0. 0. 0. 1. 0. 0. 0. 0. 0.],1.7464463642578822,1,0.0003530395696635079,0.002019308165210351,True
8400,24,-128.45793428303745,[0. 1. 0. 0. 0. 0. 0. 0. 0. 0. 0. 0. 0. 0. 0. 0. 0. 0. 0. 0.],1.8208276326148207,2,-0.00032234383153861146,0.0040593949456316685,True
8750,25,-108.84801000112661,[1. 0. 1. 0. 0. 0. 0. 0. 0. 0. 0. 0. 0. 0. 1. 0. 0. 1. 0. 0.],1.554971571444666,4,0.0002635099912590314,0.024216359771522027,True
9100,26,-130.8370000288405,[0. 0. 0. 0. 0. 1. 1. 0. 0. 0. 0. 0. 0. 0. 0. 0. 0. 0. 0. 0.],1.869100000412007,2,9.800004730585407e-05,0.04614252128694616,True
9450,27,-114.68034650258465,[0. 0. 0. 0. 0. 0. 0. 1. 0. 0. 0. 0. 0. 0. 0. 0. 1. 0. 0. 0.],1.652576378608352,1,0.00014879855224097372,-0.07567248104688977,True
9800,28,-119.05408579865521,[0. 1. 0. 0. 0. 0. 0. 0. 0. 0. 0. 0. 0. 0. 0. 0. 0. 0. 0. 0.],1.6579155114093602,4,0.00040122143079222915,-0.02231806700093534,True
10150,29,-122.29658140436078,[0. 0. 0. 0. 0. 0. 0. 0. 0. 0. 0. 0. 0. 0. 0. 0. 0. 1. 0. 0.],1.7185225914908682,3,0.000615089609544094,-0.02305987688159086,True
10500,30,-121.14799701505741,[0. 0. 1. 0. 0. 0. 0. 0. 0. 0. 0. 0. 0. 1. 0. 0. 0. 0. 0. 0.],1.7163999573579627,3,0.00012094739074105054,-0.043674914817383975,True
10850,31,-125.75528078582113,[0. 0. 0. 0. 0. 0. 0. 0. 0. 0. 1. 0. 0. 0. 0. 0. 0. 0. 0. 0.],1.7679325826545875,3,4.047989082037984e-05,-0.03778868578747237,True
11200,32,-126.45770752588865,[0. 0. 0. 0. 0. 0. 0. 0. 0. 0. 0. 0. 0. 0. 0. 0. 0. 0. 0. 0.],1.7636815360841236,3,-0.00010180469703527706,0.03686969371434056,True
11550,33,-120.84074044700968,[0. 0. 0. 1. 1. 0. 0. 0. 0. 1. 0. 0. 0. 0. 0. 0. 0. 0. 1. 0.],1.769153434957281,1,0.0005464446420990585,0.10378248354158509,True
11900,34,-122.45359743429319,[0. 0. 0. 0. 0. 0. 0. 0. 0. 0. 0. 0. 0. 0. 0. 1. 0. 0. 0. 0.],1.7207656776327598,3,0.0012306033215963524,0.112579610883361,True
12250,35,-125.21928027491599,[0. 0. 0. 0. 0. 0. 0. 0. 0. 0. 0. 0. 0. 0. 0. 0. 0. 0. 0. 0.],1.7602754324988,2,0.0010212683132413075,0.12598187361047983,True
12600,36,-121.33134362119777,[0. 0. 0. 0. 0. 0. 0. 0. 0. 0. 0. 0. 0. 0. 0. 0. 0. 0. 0. 0.],1.7190191945885394,1,0.0005684845630275959,0.09927046164375497,True
12950,37,-116.5690888933698,[0. 1. 0. 0. 0. 0. 0. 0. 0. 0. 0. 1. 1. 0. 0. 0. 0. 0. 1. 0.],1.6652726984767117,4,6.617906863778033e-05,0.022437803604227445,True
13300,38,-116.31520677508999,[0. 0. 0. 0. 0. 1. 1. 0. 0. 0. 0. 0. 0. 0. 0. 0. 1. 0. 0. 0.],1.6045029539298565,7,-0.0002636972879141344,-0.001365981443239817,True
13650,39,-108.67305799298029,[1. 0. 1. 0. 0. 0. 0. 0. 1. 0. 0. 0. 0. 0. 0. 0. 0. 1. 0. 0.],1.4953293998997186,8,-0.0006661820958223814,0.015244555302478558,True
14000,40,-125.25365916961363,[0. 0. 0. 0. 0. 0. 0. 0. 0. 0. 0. 0. 0. 0. 0. 0. 1. 0. 1. 0.],1.746480845280195,5,-0.0004215741667542586,-0.016965538075871468,True
14350,41,-118.1188312186461,[0. 0. 0. 0. 0. 0. 0. 0. 0. 0. 0. 0. 0. 1. 0. 0. 0. 0. 0. 0.],1.687411874552087,1,-0.000691344565025136,-0.01123850634546694,True
14700,42,-125.22706171019438,[0. 0. 0. 0. 0. 0. 0. 0. 0. 0. 1. 0. 0. 0. 0. 0. 0. 0. 0. 0.],1.7889580244313483,1,-0.0008221782971086708,-0.0025786442914383714,True
15050,43,-124.5166202747629,[0. 0. 0. 0. 0. 0. 0. 0. 0. 0. 0. 0. 0. 0. 0. 1. 0. 0. 0. 0.],1.7359517182108986,4,-0.001441453754197931,-0.014630632716686654,True
15400,44,-125.57145515373021,[1. 0. 0. 1. 0. 0. 0. 0. 0. 0. 0. 0. 0. 0. 0. 0. 0. 0. 0. 0.],1.8081636450532883,1,-0.0010896172914804732,-0.02593171113511236,True
15750,45,-120.36735296779588,[0. 0. 0. 0. 0. 0. 0. 0. 0. 0. 0. 0. 0. 0. 0. 1. 0. 0. 0. 0.],1.7195336138256558,1,-0.0014937369514463215,0.006892947001865,True
16100,46,-107.4441340308917,[0. 0. 0. 0. 0. 0. 0. 0. 0. 1. 0. 0. 0. 0. 0. 0. 0. 0. 0. 0.],1.5063447718698817,3,-0.0011580999713052215,-0.0008555383368605684,True
16450,47,-130.51285426343856,[0. 0. 0. 1. 0. 0. 0. 0. 0. 0. 0. 0. 0. 0. 0. 0. 0. 0. 0. 0.],1.8644693466205504,1,-0.0006819198270866454,0.03000815567882671,True
16800,48,-110.3616220876574,[0. 0. 0. 0. 0. 0. 0. 0. 0. 0. 0. 0. 1. 0. 0. 1. 0. 1. 0. 0.],1.6051660298236772,1,-0.0008699830675901207,0.03162571220826586,True
17150,49,-126.06821793523483,[0. 0. 0. 0. 0. 0. 0. 0. 0. 0. 0. 0. 0. 0. 1. 0. 0. 0. 0. 0.],1.8009745419319254,1,-0.0009278881728079196,0.06618563319308142,True
17500,50,-126.76617204745106,[0. 0. 0. 0. 0. 0. 0. 0. 0. 0. 0. 0. 0. 1. 0. 0. 0. 0. 0. 0.],1.7252310292493012,7,-0.0005017854416333389,0.07368752361459026,True
17850,51,-112.08966714219484,[0. 0. 0. 0. 0. 0. 0. 1. 0. 1. 0. 0. 1. 0. 0. 0. 0. 0. 1. 0.],1.5441381020313547,8,-0.0004883818063973915,0.08784638067309748,True
18200,52,-135.40437835788708,[0. 0. 0. 0. 0. 0. 0. 0. 1. 0. 0. 0. 0. 0. 0. 0. 0. 0. 0. 0.],1.891491119398387,4,-0.0008340981040411142,0.09065804540096996,True
18550,53,-112.33779787653458,[0. 0. 1. 0. 0. 0. 0. 0. 0. 0. 0. 0. 0. 0. 0. 0. 0. 0. 0. 0.],1.604825683950494,1,-0.00036309194341178756,0.059595719423555175,True
18900,54,-130.87799895332668,[0. 0. 0. 0. 0. 0. 0. 0. 0. 0. 0. 0. 0. 0. 0. 0. 0. 0. 0. 0.],1.7696856993332382,7,-0.0005471887502276259,0.062178802403407944,True
19250,55,-132.99192457371348,[0. 0. 0. 0. 0. 0. 0. 0. 1. 0. 0. 0. 0. 0. 0. 0. 0. 0. 0. 0.],1.8713132081959063,3,-0.0009131967871555342,0.08371946181801855,True
19600,56,-124.79896645587856,[0. 0. 0. 0. 0. 0. 0. 0. 0. 0. 0. 0. 0. 0. 0. 0. 0. 0. 0. 0.],1.7685566636554075,1,-0.0009381687795117539,0.09689983417566156,True
19950,57,-122.54437486274875,[0. 0. 0. 0. 0. 0. 0. 0. 0. 0. 0. 0. 1. 0. 0. 0. 0. 0. 0. 0.],1.7077767837535536,4,-0.0010879309848255468,0.07796840019258443,True
20300,58,-117.38500320715299,[0. 0. 0. 0. 1. 0. 0. 0. 0. 0. 0. 0. 0. 0. 0. 0. 0. 0. 1. 1.],1.719785760102185,0,-0.0009626263308321545,0.09298111957085997,True
20650,59,-117.59804280154768,[0. 0. 0. 0. 0. 0. 0. 0. 0. 0. 0. 0. 0. 0. 0. 0. 1. 0. 0. 0.],1.6942577543078237,0,-0.0014032186078738586,0.0854676506445914,True
21000,60,-120.10926131786223,[0. 0. 0. 0. 0. 0. 0. 0. 0. 0. 0. 0. 0. 1. 0. 1. 0. 0. 0. 0.],1.6872751616837462,4,-0.0018991943485548073,0.0709642015375305,True
21350,61,-116.19796022678187,[0. 1. 0. 0. 0. 1. 0. 0. 0. 0. 0. 0. 0. 0. 0. 1. 0. 0. 0. 0.],1.6599708603825982,3,-0.0017050415782359266,0.07168517749313133,True
21700,62,-122.61496778000217,[0. 0. 0. 0. 0. 0. 0. 0. 0. 0. 0. 0. 1. 0. 0. 0. 0. 0. 0. 0.],1.7516423968571742,1,-0.0016205021018369382,0.07928908047620245,True
22050,63,-126.6283584034455,[1. 0. 0. 0. 0. 0. 0. 0. 0. 0. 0. 0. 0. 0. 0. 0. 0. 0. 0. 0.],1.80897654862065,1,-0.0017632450490236394,0.027136058814773736,True
22400,64,-118.11154910877764,[0. 0. 0. 1. 0. 0. 0. 0. 0. 0. 0. 0. 0. 0. 0. 0. 0. 0. 0. 0.],1.6730221301253942,2,-0.001436106639070301,0.014145345935496932,True
22750,65,-114.72792214566334,[0. 0. 0. 0. 0. 0. 1. 1. 0. 0. 0. 0. 0. 0. 0. 0. 0. 0. 0. 0.],1.5532560306523335,8,-0.0016543307188285226,-0.012056644513191155,True
23100,66,-110.22715778828338,[0. 0. 0. 0. 0. 0. 0. 0. 0. 0. 0. 1. 0. 0. 0. 0. 0. 0. 1. 0.],1.5889593969754767,1,-0.001664229482433599,-0.02698968662413566,True
23450,67,-124.32330224061559,[0. 0. 0. 0. 0. 0. 0. 0. 0. 0. 0. 1. 0. 0. 0. 0. 0. 0. 0. 0.],1.761761460580223,2,-0.0018575315195099966,-0.008106476474951245,True
23800,68,-124.5003770451533,[0. 0. 0. 1. 0. 0. 0. 0. 0. 1. 0. 0. 0. 0. 0. 0. 0. 0. 0. 0.],1.7642911006450475,3,-0.0019912541027171005,0.0031812601936347645,True
24150,69,-109.63851248064108,[0. 0. 0. 0. 0. 0. 0. 0. 0. 0. 1. 0. 1. 0. 0. 1. 0. 0. 0. 0.],1.609121606866301,0,-0.002061980539937758,0.02497703883786446,True
24500,70,-114.00019829070077,[0. 0. 0. 0. 0. 0. 1. 0. 0. 0. 0. 0. 0. 0. 0. 1. 1. 0. 0. 0.],1.6571456898671537,1,-0.001987828435550761,0.04604617129505864,True
24850,71,-122.61633737860275,[0. 0. 0. 0. 0. 0. 0. 0. 0. 0. 0. 0. 0. 0. 0. 0. 0. 0. 0. 1.],1.7373762482657535,2,-0.001938815362355713,0.03374157596993334,True
25200,72,-123.28019346746781,[0. 0. 0. 0. 0. 0. 0. 0. 0. 0. 1. 0. 0. 0. 0. 0. 0. 0. 0. 1.],1.7040027638209685,6,-0.0020479166689214225,0.007310095332806148,True
25550,73,-120.00912603872658,[0. 0. 0. 0. 0. 0. 0. 0. 0. 0. 0. 0. 0. 0. 0. 0. 0. 0. 0. 0.],1.7001303719818086,1,-0.0021255241314696418,-0.006103708781774699,True
25900,74,-114.0293862914967,[0. 0. 0. 0. 0. 0. 0. 0. 0. 0. 0. 1. 0. 0. 0. 0. 0. 1. 0. 0.],1.6147055184499528,3,-0.0020629356731490705,-0.010732447137633872,True
26250,75,-102.25993902969711,[1. 0. 0. 0. 0. 0. 0. 0. 1. 1. 0. 0. 0. 0. 0. 0. 0. 0. 0. 0.],1.4751419861385302,2,-0.0019487494103088033,-0.012826192828410837,True
26600,76,-113.05397792088388,[0. 0. 1. 0. 0. 1. 0. 0. 0. 0. 0. 0. 1. 0. 0. 0. 0. 0. 0. 0.],1.629342541726913,2,-0.0020188343203224753,-0.011022768477250382,True
26950,77,-121.40430591888895,[0. 1. 0. 0. 0. 0. 0. 0. 0. 0. 1. 0. 0. 0. 0. 0. 0. 0. 0. 0.],1.7343472274126996,2,-0.0019444788649691136,-0.022913538849402212,True
27300,78,-115.6758629192686,[0. 0. 0. 0. 0. 0. 1. 0. 1. 0. 0. 0. 0. 0. 0. 1. 0. 0. 0. 0.],1.6382266131324088,4,-0.0017681005091761993,-0.009075686275421074,True
27650,79,-122.33010300573663,[1. 0. 0. 0. 0. 0. 0. 0. 0. 0. 0. 0. 0. 0. 0. 0. 0. 0. 0. 0.],1.747572900081952,1,-0.0016157115602438835,-0.01603451832372861,True
28000,80,-118.33420969573827,[0. 0. 0. 0. 0. 0. 1. 0. 0. 0. 0. 0. 0. 0. 0. 0. 0. 0. 0. 0.],1.6619172813676897,3,-0.0015351746307162883,-0.03301649038645077,True
28350,81,-117.60142269971969,[0. 0. 0. 0. 0. 0. 0. 0. 0. 0. 1. 0. 0. 0. 0. 0. 0. 0. 0. 0.],1.6943060385674242,0,-0.0014153303158383212,-0.023555223252448725,True
28700,82,-126.75502785255193,[0. 0. 0. 0. 1. 0. 0. 0. 0. 0. 0. 0. 0. 0. 0. 0. 0. 0. 0. 0.],1.8107861121793132,1,-0.0013318637640383337,-0.01785532729933951,True
29050,83,-132.4848472957475,[0. 0. 0. 0. 0. 0. 0. 0. 0. 0. 0. 0. 0. 0. 0. 0. 0. 0. 1. 0.],1.8783549613678219,2,-0.0011007617507679673,-0.012797491718068592,True
29400,84,-123.73056731752668,[0. 0. 0. 0. 0. 1. 0. 0. 0. 0. 0. 0. 0. 0. 0. 0. 0. 0. 0. 0.],1.7532938188218095,2,-0.001210376711699356,-0.03738583685218164,True
29750,85,-113.81597079189075,[0. 0. 0. 0. 0. 0. 0. 0. 1. 0. 0. 0. 1. 0. 0. 0. 0. 1. 0. 0.],1.6259424398841535,3,-0.0010420188348193237,-0.06023593225276211,True
30100,86,-123.45733574171732,[0. 0. 0. 0. 0. 0. 0. 0. 0. 0. 0. 0. 0. 0. 0. 0. 1. 0. 0. 0.],1.749390510595962,2,-0.0007651159739937814,-0.05679516290646434,True
30450,87,-109.79142703605889,[0. 1. 0. 0. 0. 1. 0. 0. 0. 0. 1. 0. 0. 0. 0. 0. 0. 0. 1. 0.],1.5827346719436985,3,-0.00045650705861734675,-0.06077560321942575,True
30800,88,-133.49594203964082,[0. 0. 0. 1. 0. 0. 0. 0. 0. 0. 0. 0. 0. 0. 0. 0. 0. 0. 0. 0.],1.849942029137726,5,-0.000379976821214095,-0.055043588533405824,True
31150,89,-128.56326924733816,[0. 0. 0. 0. 0. 0. 0. 0. 0. 0. 0. 0. 0. 0. 0. 0. 0. 0. 0. 0.],1.7651895606762595,5,-0.00013934555483195181,-0.07184678911922196,True
31500,90,-108.03848056189547,[1. 1. 1. 0. 0. 0. 0. 0. 0. 0. 0. 0. 0. 1. 0. 0. 0. 0. 0. 0.],1.529121150884221,5,-0.000125537382940358,-0.11330985596091653,True
31850,91,-125.72458442569655,[0. 0. 0. 0. 0. 0. 0. 0. 0. 0. 0. 0. 0. 0. 0. 0. 0. 0. 0. 1.],1.696065491795665,8,-0.00017254807001163542,-0.10318486369979785,True
32200,92,-122.03340095207842,[0. 0. 0. 0. 0. 0. 0. 0. 0. 0. 0. 0. 0. 0. 0. 0. 0. 0. 0. 1.],1.7147628707439775,3,-9.102414236938626e-05,-0.07373551941019055,True
32550,93,-110.45578309438773,[1. 0. 0. 0. 1. 0. 0. 0. 0. 0. 0. 0. 0. 0. 0. 0. 0. 0. 1. 0.],1.592225472776967,2,-0.00031884157740891093,-0.07980532824300006,True
32900,94,-114.89382787746183,[0. 0. 1. 0. 0. 0. 0. 0. 0. 0. 0. 0. 0. 0. 1. 0. 0. 0. 0. 0.],1.655626112535169,1,-0.00035517554750423547,-0.07806336064416049,True
33250,95,-121.35552598701474,[0. 0. 1. 0. 0. 0. 0. 0. 0. 0. 0. 0. 0. 0. 0. 0. 0. 0. 0. 0.],1.6622217998144964,6,-0.0005059830293984326,-0.09748722229163422,True
33600,96,-129.66551259720865,[0. 0. 0. 0. 0. 0. 0. 0. 0. 0. 0. 0. 0. 0. 0. 0. 0. 0. 0. 0.],1.795221608531552,4,-0.00029017126535098303,-0.09236382399462205,True
33950,97,-135.86706474175548,[0. 0. 0. 0. 0. 0. 0. 0. 0. 0. 0. 0. 0. 0. 0. 0. 0. 0. 0. 0.],1.883815210596507,4,-0.0003636348109397396,-0.09159425870563069,True
34300,98,-130.0827778124897,[0. 0. 0. 0. 0. 0. 0. 0. 0. 0. 0. 0. 0. 0. 0. 0. 0. 0. 0. 0.],1.7726111116069951,6,-0.0004265367415141674,-0.09277351280890199,True
34650,99,-128.41763407249985,[0. 0. 0. 0. 0. 0. 0. 0. 0. 0. 0. 0. 0. 0. 0. 0. 0. 0. 0. 0.],1.8059662010357123,2,-0.00036696071994784813,-0.08519178099413222,True
35000,100,-125.17373239334289,[0. 0. 0. 0. 1. 0. 0. 0. 0. 0. 0. 0. 0. 0. 0. 1. 0. 0. 0. 0.],1.7739104627620408,3,-0.0002919874635382647,-0.10816042961368137,True
35350,101,-128.3927767415413,[0. 0. 0. 0. 0. 0. 0. 0. 0. 1. 0. 0. 0. 0. 0. 0. 0. 0. 1. 0.],1.8198968105934468,3,-0.00019059388464009387,-0.10831889434260826,True
35700,102,-108.32469545566468,[0. 0. 1. 0. 0. 0. 1. 1. 0. 0. 0. 0. 0. 0. 0. 0. 1. 0. 0. 0.],1.590352792223781,1,-0.00037811959593032056,-0.10959732434560716,True
36050,103,-126.29182523484681,[0. 0. 0. 0. 0. 0. 0. 0. 0. 1. 0. 0. 0. 0. 0. 0. 0. 0. 0. 0.],1.7898832176406687,2,-0.0002805491043631549,-0.09478781934362228,True
36400,104,-128.2626614734492,[0. 0. 0. 0. 0. 1. 0. 1. 0. 0. 0. 0. 0. 0. 0. 0. 0. 0. 0. 0.],1.8323237353349893,2,-0.0006440620728547372,-0.08395411668543303,True
36750,105,-118.53233356030393,[0. 0. 0. 0. 0. 0. 0. 0. 0. 0. 0. 1. 0. 0. 1. 0. 0. 0. 0. 0.],1.6504619080043423,5,-0.0004526637859465705,-0.10341154347568256,True
37100,106,-115.82062126419214,[0. 0. 0. 0. 0. 1. 0. 0. 0. 0. 0. 0. 0. 0. 0. 0. 0. 0. 0. 0.],1.6688660180598875,0,-0.0005024317275166016,-0.1296292544612592,True
37450,107,-112.8567221602713,[0. 0. 0. 0. 0. 0. 0. 0. 0. 0. 0. 0. 1. 0. 0. 1. 0. 0. 0. 0.],1.6122388880038752,2,-0.00042159677249290785,-0.1328162343557181,True
37800,108,-114.84185529993766,[0. 0. 0. 0. 0. 0. 0. 0. 0. 0. 0. 0. 1. 0. 0. 1. 0. 0. 1. 0.],1.6405979328562519,3,-0.0005329391723987423,-0.13796567384859026,True
38150,109,-125.3560418183044,[0. 0. 0. 0. 0. 0. 0. 0. 0. 0. 0. 0. 0. 0. 0. 0. 0. 0. 0. 0.],1.7908005974043488,0,-0.0005079527455030172,-0.1293547840477477,True
38500,110,-128.922972641616,[0. 0. 0. 0. 0. 0. 0. 1. 1. 0. 0. 0. 0. 0. 0. 0. 0. 0. 0. 0.],1.8560424663088002,1,-0.0006023314986044394,-0.12671305713682987,True
38850,111,-125.04139997149936,[0. 0. 0. 1. 0. 0. 0. 0. 0. 0. 0. 0. 0. 0. 0. 0. 0. 0. 0. 0.],1.7005914281642767,7,-0.00037115324926559237,-0.1249137934016623,True
39200,112,-113.9454161110639,[0. 0. 0. 0. 0. 0. 0. 0. 0. 1. 0. 0. 0. 0. 0. 0. 0. 1. 0. 0.],1.6420773730151987,1,-0.0003781340893016133,-0.12999787801073784,True
39550,113,-118.79631761065812,[0. 0. 1. 0. 0. 0. 0. 0. 0. 0. 0. 0. 0. 0. 0. 0. 0. 1. 1. 0.],1.7256616801522586,1,-0.0004545001128855903,-0.1314271995140544,True
39900,114,-122.79514682462163,[0. 0. 0. 0. 0. 0. 0. 0. 0. 0. 0. 0. 0. 0. 0. 0. 0. 0. 0. 0.],1.725644954637452,2,-0.000539649660298673,-0.1430240455633896,True
40250,115,-121.80867748868646,[0. 0. 0. 1. 1. 0. 1. 0. 0. 0. 0. 0. 0. 0. 0. 0. 0. 0. 0. 0.],1.7686953926955202,1,-0.00040860089046946765,-0.1524500918562845,True
40600,116,-131.52831356983535,[0. 0. 0. 0. 0. 0. 0. 0. 0. 0. 0. 0. 0. 0. 0. 0. 0. 0. 0. 0.],1.8361187652833622,3,-0.0004244507778033044,-0.1298436383385939,True
40950,117,-117.92021408360128,[0. 0. 0. 0. 0. 0. 0. 0. 0. 0. 0. 0. 0. 0. 1. 0. 0. 0. 0. 1.],1.6988602011943044,1,-0.00020942779952254456,-0.144379981923503,True
41300,118,-125.27940125782408,[0. 0. 0. 0. 0. 0. 0. 0. 0. 0. 0. 0. 0. 0. 1. 0. 0. 1. 0. 0.],1.8182771608260582,0,-0.00031913685439439977,-0.14443309225315215,True
41650,119,-122.92214477024616,[0. 0. 0. 0. 0. 0. 0. 0. 0. 0. 0. 0. 0. 1. 0. 0. 0. 0. 0. 1.],1.7703163538606594,1,-0.0005138709738402227,-0.1382267856878541,True
42000,120,-124.11932047447647,[0. 0. 0. 0. 0. 0. 0. 0. 0. 0. 0. 1. 0. 0. 0. 0. 0. 0. 0. 0.],1.7731331496353777,1,-0.00046943712580893284,-0.13796406458820068,True
42350,121,-112.26503357694135,[0. 0. 1. 0. 0. 0. 0. 0. 0. 0. 1. 0. 0. 0. 0. 0. 0. 0. 0. 0.],1.6323576225277334,0,-0.0005073811074352647,-0.1435515492775798,True
42700,122,-129.65020248969418,[0. 0. 0. 0. 0. 1. 0. 0. 0. 0. 0. 0. 0. 0. 0. 0. 0. 0. 0. 0.],1.795002892709917,5,-0.0005756488974093245,-0.13550836416425546,True
43050,123,-131.71822752977533,[0. 0. 0. 0. 0. 0. 0. 0. 0. 0. 0. 0. 0. 0. 0. 0. 0. 0. 0. 0.],1.867403250425362,1,-0.0005517553286573358,-0.1267944855792959,True
43400,124,-110.44630999452153,[0. 0. 1. 0. 0. 0. 1. 1. 0. 0. 0. 1. 0. 0. 0. 0. 0. 0. 0. 0.],1.634947285636022,0,-0.0005203007683480309,-0.1362189946727613,True
43750,125,-117.09505811506351,[0. 0. 0. 0. 0. 0. 0. 0. 0. 0. 0. 0. 0. 0. 0. 1. 0. 0. 0. 0.],1.6727865445009067,1,-0.0003798511651150849,-0.14807095631738193,True
44100,126,-121.32387083024466,[0. 0. 0. 1. 0. 0. 0. 0. 0. 0. 0. 0. 0. 0. 0. 0. 0. 1. 0. 0.],1.7331981547177808,2,-0.0004354325767130243,-0.135491219506188,True
44450,127,-116.9740182479255,[0. 0. 0. 0. 0. 0. 0. 0. 1. 0. 0. 0. 0. 0. 0. 0. 0. 0. 0. 0.],1.6567716892560782,2,-0.0004950841589450502,-0.14668735939237662,True
44800,128,-132.31512003685367,[0. 0. 0. 0. 0. 0. 0. 0. 0. 0. 0. 0. 0. 0. 0. 0. 0. 0. 0. 0.],1.8616445719550525,2,-0.0004745717514839498,-0.1361820514428408,True
45150,129,-131.07196303424539,[0. 0. 0. 0. 0. 0. 0. 0. 0. 0. 0. 0. 0. 0. 0. 0. 0. 0. 0. 0.],1.843885186203505,2,-0.0004060847442414567,-0.13680043600167402,True
45500,130,-132.61066229508594,[0. 0. 0. 0. 0. 0. 0. 0. 0. 0. 0. 0. 0. 0. 0. 0. 0. 0. 0. 0.],1.8515808899297987,3,-0.00041664285365558307,-0.14640355496305926,True
45850,131,-115.13030595522157,[0. 0. 0. 0. 0. 0. 0. 0. 0. 0. 0. 0. 0. 1. 0. 0. 0. 0. 0. 0.],1.6304329422174506,2,-0.00045070186757864144,-0.13975652754792386,True
46200,132,-121.10929286178076,[0. 0. 0. 0. 0. 0. 0. 0. 0. 0. 0. 0. 0. 0. 0. 0. 0. 0. 0. 0.],1.6729898980254392,4,-0.0004446471191658929,-0.13114837298856508,True
46550,133,-138.83077120450986,[0. 0. 0. 0. 0. 0. 0. 0. 0. 0. 0. 0. 0. 0. 0. 0. 0. 0. 0. 0.],1.9261538743501405,4,-0.0004240333747484807,-0.11819218554509385,True
46900,134,-117.73049754530547,[0. 0. 0. 1. 0. 0. 0. 0. 0. 0. 0. 0. 0. 1. 1. 0. 0. 1. 0. 0.],1.710435679218649,2,-0.00042641690618145766,-0.1161872866188376,True
47250,135,-130.25731858985628,[0. 0. 0. 0. 0. 0. 1. 0. 0. 0. 0. 0. 0. 0. 0. 0. 0. 0. 0. 0.],1.8465331227122321,2,-0.00043648967423983516,-0.10526739848838632,True
47600,136,-117.24458685614425,[0. 0. 0. 0. 0. 0. 1. 0. 0. 0. 0. 0. 0. 0. 1. 0. 0. 0. 0. 0.],1.6320655265163462,5,-0.0003532654790727547,-0.1015008620888999,True
47950,137,-125.54092945901183,[1. 0. 0. 0. 0. 0. 0. 0. 0. 0. 0. 0. 0. 0. 0. 0. 0. 0. 0. 0.],1.7934418494144546,1,-0.0003386085352384867,-0.09907500229726013,True
48300,138,-115.48501779943327,[0. 0. 0. 1. 0. 0. 0. 0. 0. 0. 0. 0. 0. 0. 0. 1. 0. 0. 0. 1.],1.6212145399919042,5,-0.00044702983457486586,-0.09504784109193458,True
48650,139,-127.15435537268681,[0. 0. 0. 0. 0. 1. 0. 0. 0. 0. 0. 0. 0. 0. 0. 0. 0. 0. 0. 0.],1.7736336481812403,4,-0.0004797501810220804,-0.08658523822843024,True
49000,140,-118.82154132590782,[0. 0. 0. 0. 0. 0. 0. 0. 0. 0. 0. 0. 0. 0. 0. 0. 0. 0. 0. 0.],1.6831648760843978,1,-0.0003101732940534076,-0.08167289182038298,True
49350,141,-123.05306417777392,[0. 0. 0. 0. 0. 0. 0. 0. 0. 0. 0. 0. 0. 0. 1. 0. 0. 0. 0. 0.],1.729329488253913,3,-0.0002695455823851679,-0.06472710474809323,True
49700,142,-113.96882187726214,[0. 0. 0. 0. 0. 0. 0. 0. 0. 0. 0. 0. 0. 0. 1. 0. 0. 0. 0. 0.],1.6281260268180306,1,-0.00031224679542442546,-0.07290057089711821,True
50050,143,-114.6742483049267,[0. 0. 0. 0. 0. 0. 0. 0. 0. 0. 1. 0. 0. 1. 1. 0. 0. 1. 0. 0.],1.6524892614989528,3,-0.00023278411993844753,-0.07692225040201182,True
50400,144,-108.68538714692797,[0. 0. 0. 1. 0. 1. 0. 0. 0. 1. 0. 0. 0. 0. 0. 0. 0. 0. 0. 0.],1.5955055306704,0,-0.0002958202243949667,-0.0835997737103753,True
50750,145,-113.20387977244478,[0. 0. 0. 0. 0. 0. 0. 0. 1. 0. 0. 0. 0. 1. 0. 0. 0. 0. 0. 0.],1.6171982824634965,2,-0.00043886461739307624,-0.0810882548282205,True
51100,146,-120.00430081696999,[0. 0. 0. 0. 0. 0. 0. 0. 0. 0. 0. 0. 0. 0. 0. 1. 0. 0. 0. 0.],1.7000614402424286,2,-0.0005715586358623996,-0.09196725166764419,True
51450,147,-114.7951222279919,[0. 0. 0. 0. 0. 0. 0. 0. 0. 0. 1. 0. 0. 0. 0. 0. 0. 0. 0. 0.],1.6542160318284556,0,-0.0005622892297028791,-0.09108460622239904,True
51800,148,-132.03582046329683,[0. 0. 0. 0. 0. 0. 0. 0. 0. 0. 0. 0. 0. 0. 0. 0. 0. 0. 0. 0.],1.8862260066185266,0,-0.0004571682366871172,-0.06850304735320936,True
52150,149,-122.14102701913319,[0. 0. 0. 0. 0. 0. 0. 0. 0. 0. 0. 0. 0. 0. 0. 0. 0. 0. 0. 1.],1.7591575288447598,0,-0.0006293696509695259,-0.07574166293257213,True
52500,150,-117.82785348671523,[0. 0. 1. 0. 0. 0. 0. 0. 0. 0. 0. 0. 0. 0. 0. 0. 1. 0. 0. 0.],1.6546836212387894,4,-0.0006796310534342497,-0.05886081012948749,True
52850,151,-123.4163398679944,[0. 0. 0. 0. 0. 0. 0. 0. 0. 0. 0. 0. 0. 1. 0. 0. 0. 0. 0. 0.],1.7773762838284914,0,-0.0007380749851060002,-0.05582574308955493,True
53200,152,-119.50661759231971,[0. 0. 0. 0. 0. 0. 0. 0. 1. 0. 0. 0. 0. 0. 0. 0. 0. 0. 0. 0.],1.7072373941759962,1,-0.0007128305930689379,-0.05305502055815392,True
53550,153,-130.68241564592716,[0. 0. 0. 0. 0. 0. 0. 0. 0. 0. 0. 0. 0. 0. 0. 0. 0. 0. 0. 0.],1.852605937798959,1,-0.0006768913929090262,-0.05777582300767232,True
53900,154,-121.8651420748519,[0. 0. 0. 0. 0. 0. 0. 0. 0. 0. 0. 0. 0. 0. 0. 0. 0. 0. 0. 1.],1.7409306010693124,1,-0.0006751967631496001,-0.04463189677710594,True
54250,155,-117.8033807703377,[0. 0. 0. 0. 0. 0. 0. 0. 0. 0. 0. 0. 0. 0. 0. 0. 0. 0. 0. 0.],1.6686197252905386,1,-0.0006453305561195931,-0.04366204378622678,True
54600,156,-131.4460445972514,[0. 0. 0. 0. 0. 0. 0. 0. 0. 0. 0. 0. 0. 0. 0. 0. 0. 0. 0. 0.],1.8206577799607333,4,-0.0006136122564987336,-0.04933596550431653,True
54950,157,-118.00942671388941,[0. 0. 0. 0. 0. 0. 0. 0. 0. 0. 0. 1. 0. 0. 0. 0. 0. 0. 0. 0.],1.657277524484134,3,-0.0006002603709962995,-0.045901318889936885,True
55300,158,-113.42672096775522,[0. 1. 0. 0. 0. 0. 0. 0. 0. 0. 0. 1. 1. 0. 0. 0. 0. 1. 0. 0.],1.6346674423965026,3,-0.0007668208782011282,-0.028029625827243852,True
55650,159,-132.4574154630157,[0. 0. 0. 0. 0. 0. 0. 0. 0. 0. 0. 0. 0. 0. 0. 0. 0. 0. 0. 0.],1.8351059351859382,4,-0.0008803702702815273,-0.020997291125938913,True
56000,160,-125.17498495997631,[0. 0. 0. 0. 0. 0. 0. 0. 0. 0. 0. 0. 0. 0. 0. 0. 0. 0. 1. 1.],1.7882140708568044,2,-0.0008084117620918992,-0.02754036128953885,True
56350,161,-115.38553008301776,[1. 0. 0. 1. 0. 0. 0. 0. 0. 0. 0. 0. 0. 0. 0. 0. 0. 0. 0. 0.],1.6626504297573963,1,-0.0008819480714792314,-0.038233980137596366,True
56700,162,-122.2073052350633,[0. 1. 0. 0. 0. 1. 0. 0. 0. 0. 0. 0. 0. 0. 0. 0. 0. 0. 0. 0.],1.7601043605009044,1,-0.0008444975474337716,-0.039404289138601306,True
57050,163,-126.41210151653384,[0. 0. 0. 0. 0. 0. 0. 0. 0. 0. 0. 0. 0. 0. 0. 1. 0. 0. 0. 0.],1.8058871645219123,1,-0.0008295031464560347,-0.03265033877162588,True
57400,164,-119.2813361947041,[0. 1. 0. 0. 0. 0. 0. 0. 0. 0. 0. 0. 0. 0. 1. 1. 0. 0. 0. 0.],1.7468762313529154,0,-0.0009132002338155998,-0.054287439708271226,True
57750,165,-124.60144329023095,[0. 0. 0. 0. 0. 0. 0. 0. 0. 0. 1. 0. 0. 0. 0. 0. 0. 0. 0. 0.],1.7800206184318708,1,-0.0009790948364134396,-0.0546602134688836,True
58100,166,-115.02248388382202,[0. 0. 0. 0. 0. 0. 0. 0. 0. 1. 0. 0. 0. 0. 1. 0. 0. 0. 1. 0.],1.6003211983403143,6,-0.0009568051247026199,-0.04353204988121603,True
58450,167,-116.8941219803894,[0. 0. 0. 0. 0. 0. 0. 0. 0. 1. 0. 0. 0. 0. 0. 0. 1. 0. 0. 0.],1.627058885434134,5,-0.0009883206188890485,-0.040330599063364676,True
58800,168,-130.22743287484468,[0. 0. 0. 0. 0. 1. 0. 0. 0. 0. 0. 0. 0. 0. 0. 0. 0. 0. 0. 0.],1.8461061839263522,2,-0.0009323854335773639,-0.03941746100143955,True
59150,169,-116.63855268545748,[0. 0. 0. 0. 0. 0. 1. 0. 0. 0. 0. 0. 0. 0. 0. 0. 1. 0. 0. 1.],1.680550752649393,2,-0.0010629557769502942,-0.037674616867112896,True
59500,170,-111.86840615605028,[0. 0. 0. 0. 0. 0. 0. 1. 0. 0. 1. 0. 0. 0. 0. 0. 0. 0. 1. 0.],1.598120087943575,3,-0.001147040490491549,-0.044237312311428884,True
59850,171,-109.06226027312947,[1. 0. 0. 0. 0. 1. 0. 0. 0. 0. 0. 0. 0. 0. 0. 1. 1. 0. 0. 1.],1.5723180039018494,4,-0.0011073147147678995,-0.04760613443537377,True
60200,172,-122.28098390331033,[0. 0. 0. 0. 0. 0. 0. 0. 0. 0. 0. 0. 1. 0. 0. 0. 0. 0. 0. 1.],1.7754426271901478,0,-0.0010356738350599947,-0.04678368008335564,True
60550,173,-123.26082642339146,[0. 0. 0. 0. 0. 0. 0. 0. 0. 0. 0. 0. 0. 0. 0. 0. 0. 0. 0. 0.],1.7037260917627355,4,-0.0009941067085463562,-0.05127265618954559,True
60900,174,-126.5801242506273,[0. 0. 0. 1. 0. 0. 0. 0. 0. 0. 1. 0. 0. 0. 0. 0. 0. 0. 0. 0.],1.7940017750089614,3,-0.0008901965011245204,-0.04706565429216533,True
61250,175,-122.30193448817604,[0. 0. 1. 0. 0. 0. 0. 0. 0. 0. 0. 0. 0. 0. 0. 0. 0. 0. 0. 0.],1.7471704926882292,1,-0.000972134827723672,-0.06529827379525106,True
61600,176,-120.61374267722869,[0. 1. 0. 0. 0. 0. 0. 0. 0. 0. 0. 0. 0. 0. 0. 0. 0. 0. 0. 0.],1.6801963239604096,4,-0.001071259494269607,-0.06627727314588774,True
61950,177,-130.3127340396565,[0. 0. 1. 0. 0. 0. 0. 0. 0. 0. 0. 0. 0. 0. 0. 0. 0. 0. 0. 0.],1.847324771995093,2,-0.0012077892289604282,-0.05598316932649275,True
62300,178,-136.79976806487835,[0. 0. 0. 0. 0. 0. 0. 0. 0. 0. 0. 0. 0. 0. 0. 0. 0. 0. 0. 0.],1.9257109723554042,2,-0.0012394492977084862,-0.052623703522620954,True
62650,179,-113.07598443148987,[0. 1. 1. 0. 1. 0. 0. 0. 0. 0. 0. 0. 0. 0. 0. 0. 0. 0. 0. 1.],1.6439426347355697,2,-0.0011440946786413781,-0.06768889407236972,True
63000,180,-124.17920888269954,[0. 1. 0. 0. 1. 0. 0. 0. 0. 0. 0. 0. 0. 0. 0. 0. 0. 0. 0. 0.],1.773988698324279,2,-0.001184934147284424,-0.06691093078959966,True
63350,181,-120.6947024337544,[0. 1. 0. 0. 0. 0. 0. 0. 1. 0. 0. 0. 0. 0. 0. 0. 0. 0. 0. 0.],1.7384957490536344,1,-0.0010917396118865727,-0.061957197632520604,True
63700,182,-132.88208119044472,[0. 0. 0. 0. 0. 0. 0. 0. 0. 0. 0. 0. 1. 0. 0. 0. 0. 0. 0. 0.],1.8268868741492101,6,-0.001025069272549576,-0.061777268263402255,True
64050,183,-123.58292025299862,[0. 0. 0. 0. 1. 0. 0. 0. 0. 0. 0. 0. 0. 0. 0. 0. 0. 1. 0. 0.],1.679756003614266,8,-0.0010631591588333195,-0.07112390087949891,True
64400,184,-124.440628821855,[0. 0. 0. 0. 0. 0. 0. 1. 0. 0. 0. 1. 0. 0. 0. 0. 0. 0. 0. 0.],1.7634375545979286,3,-0.0010982913206448502,-0.0729477825678745,True
64750,185,-126.17995053623613,[0. 0. 0. 0. 0. 0. 0. 0. 0. 0. 0. 0. 0. 0. 0. 0. 0. 0. 0. 0.],1.7454278648033734,4,-0.0010759620390220345,-0.07654620552231003,True
65100,186,-121.59889163941855,[0. 0. 0. 0. 0. 0. 1. 0. 0. 0. 0. 0. 0. 0. 0. 0. 0. 0. 0. 0.],1.7228413091345505,2,-0.0012082555619693193,-0.07769059791139268,True
65450,187,-129.18537840830254,[1. 0. 0. 0. 0. 0. 0. 0. 0. 0. 0. 0. 0. 0. 0. 0. 0. 0. 0. 0.],1.8312196915471792,2,-0.0011524964125301108,-0.08313706716661046,True
65800,188,-109.26373355827239,[0. 0. 0. 1. 0. 0. 0. 0. 0. 0. 0. 0. 0. 0. 1. 0. 0. 0. 0. 0.],1.5751961936896055,1,-0.0010073049300856182,-0.0883648934673122,True
66150,189,-108.88121936385505,[0. 0. 0. 0. 1. 0. 1. 0. 0. 0. 0. 0. 1. 0. 0. 0. 0. 0. 1. 0.],1.5983031337693576,1,-0.0009980908395846337,-0.08993948285969221,True
66500,190,-114.86510269014344,[0. 0. 0. 0. 0. 0. 0. 0. 0. 0. 0. 1. 0. 0. 0. 0. 0. 0. 0. 0.],1.655215752716335,0,-0.0011099878475018029,-0.07916938418507159,True
66850,191,-125.88096818652586,[0. 0. 0. 0. 0. 0. 1. 0. 0. 0. 0. 0. 0. 0. 0. 0. 0. 0. 0. 0.],1.7697281169503694,3,-0.0011187645111492318,-0.09279252435594867,True
67200,192,-118.78534884412241,[0. 0. 0. 0. 0. 0. 0. 0. 0. 0. 1. 0. 0. 0. 0. 0. 0. 0. 0. 0.],1.6683621263446056,3,-0.000879813830622587,-0.09648767776108279,True
67550,193,-133.28306509208372,[0. 0. 0. 0. 0. 0. 1. 0. 0. 0. 0. 0. 0. 1. 0. 0. 0. 0. 0. 0.],1.932615215601196,0,-0.0008391862552248889,-0.09720880279545761,True
67900,194,-132.70326992034603,[0. 0. 0. 0. 0. 1. 0. 0. 0. 0. 0. 0. 0. 0. 0. 0. 0. 0. 0. 0.],1.8529038560049433,4,-0.0009114637321193685,-0.09349334726812793,True
68250,195,-116.35383464252138,[0. 0. 0. 0. 0. 1. 0. 0. 0. 0. 0. 0. 0. 0. 0. 0. 0. 0. 0. 1.],1.6764833520360194,1,-0.0009058927529229337,-0.08428460026629382,True
68600,196,-113.47649390810889,[0. 1. 1. 1. 1. 0. 0. 0. 0. 0. 0. 0. 0. 0. 0. 1. 0. 0. 0. 0.],1.6925213415444131,0,-0.000987340576098959,-0.08205294451814531,True
68950,197,-109.00122642753604,[0. 0. 0. 0. 1. 0. 0. 0. 0. 0. 0. 0. 0. 0. 0. 0. 1. 0. 0. 0.],1.5571603775362293,2,-0.0010153392689729243,-0.0874788123987687,True
69300,198,-127.16207646017419,[1. 0. 0. 0. 0. 0. 0. 0. 0. 0. 1. 0. 1. 0. 0. 0. 0. 1. 0. 0.],1.8308868065739172,3,-0.0010719430433707043,-0.07994943427079956,True
69650,199,-123.01593029676242,[1. 0. 0. 0. 0. 1. 0. 0. 0. 0. 0. 0. 0. 0. 0. 0. 0. 0. 0. 0.],1.771656147096606,1,-0.001085069938464248,-0.07863365894209674,True
70000,200,-105.84604255877001,[0. 0. 0. 1. 0. 0. 0. 0. 0. 0. 0. 1. 1. 0. 0. 0. 0. 0. 0. 0.],1.4978006079824286,4,-0.001123499317299294,-0.07720168519278273,True
70350,201,-120.10432679509708,[1. 0. 0. 1. 0. 0. 0. 0. 0. 0. 0. 0. 0. 0. 0. 0. 0. 0. 0. 0.],1.7014903827871013,3,-0.0011719819375202803,-0.0763519070917807,True
70700,202,-120.78402231418902,[0. 0. 0. 0. 0. 0. 0. 0. 0. 1. 0. 0. 0. 0. 1. 0. 0. 0. 0. 0.],1.6969146044884142,4,-0.0011274084941101875,-0.08046027667826793,True
71050,203,-122.95655838988246,[0. 1. 0. 0. 0. 0. 0. 0. 0. 1. 0. 1. 0. 0. 0. 0. 0. 1. 0. 0.],1.742236548426892,5,-0.001100906663601201,-0.07514026314984004,True
71400,204,-117.85328438443548,[0. 0. 0. 0. 0. 0. 0. 0. 0. 1. 0. 0. 0. 0. 0. 0. 0. 0. 0. 0.],1.6693326340633636,2,-0.0011044543474477493,-0.07655625841750308,True
71750,205,-119.3404273311462,[0. 0. 0. 0. 0. 0. 0. 0. 0. 0. 0. 0. 0. 0. 0. 0. 1. 0. 0. 0.],1.6334346761592315,6,-0.001105875656248903,-0.07360262230100705,True
72100,206,-107.31133682338508,[0. 0. 1. 0. 0. 0. 0. 0. 1. 0. 0. 0. 0. 0. 0. 0. 0. 1. 0. 0.],1.5615905260483585,1,-0.0010510636262461175,-0.07128852180965538,True
72450,207,-119.35379367156813,[0. 0. 1. 0. 1. 0. 0. 0. 0. 0. 0. 0. 0. 0. 0. 0. 0. 0. 0. 0.],1.6764827667366877,4,-0.0011453436502112029,-0.06683350758621996,True
72800,208,-118.917595446951,[0. 1. 0. 0. 0. 0. 0. 1. 0. 0. 0. 0. 0. 0. 0. 0. 0. 1. 0. 0.],1.670251363527871,5,-0.0011653109648710636,-0.07298864989443046,True
73150,209,-121.49777234986199,[0. 1. 0. 0. 0. 0. 0. 0. 0. 0. 0. 0. 0. 0. 0. 0. 0. 0. 0. 0.],1.6928253192837428,4,-0.001176835949060392,-0.06873608457962747,True
73500,210,-109.76540682968502,[1. 0. 0. 1. 1. 0. 1. 0. 0. 0. 0. 0. 0. 0. 0. 0. 0. 0. 0. 0.],1.6109343832812144,1,-0.0012524168357027075,-0.08014931314131862,True
73850,211,-117.16866991241052,[0. 0. 0. 0. 0. 0. 0. 0. 0. 0. 0. 0. 0. 0. 0. 0. 1. 0. 0. 0.],1.6738381416058643,1,-0.0012149904777881847,-0.07925883079683121,True
74200,212,-125.02613357071792,[0. 0. 0. 0. 0. 0. 0. 0. 0. 0. 0. 0. 0. 0. 0. 0. 0. 0. 1. 1.],1.7432304795816846,5,-0.001239425341163044,-0.08687825610641844,True
74550,213,-125.31276044564483,[0. 1. 0. 0. 0. 0. 0. 0. 0. 0. 0. 0. 0. 0. 0. 0. 0. 1. 0. 0.],1.7473251492234976,5,-0.0011731516670418665,-0.09189643365330057,True
74900,214,-131.27423946448044,[0. 0. 0. 0. 0. 0. 0. 0. 0. 0. 0. 0. 0. 0. 0. 0. 0. 0. 0. 0.],1.8039177066354348,5,-0.0011135225688314206,-0.08607986916661871,True
75250,215,-119.53185708127522,[0. 0. 1. 0. 0. 1. 0. 0. 0. 0. 0. 0. 0. 0. 0. 0. 0. 0. 0. 0.],1.7075979583039318,2,-0.0010670560434371396,-0.07792792223236891,True
75600,216,-120.51484645241877,[0. 0. 0. 1. 0. 0. 0. 0. 0. 0. 0. 0. 0. 0. 0. 0. 0. 0. 0. 0.],1.707354949320268,2,-0.0009992881051696968,-0.08243485944916583,True
75950,217,-114.78399577039232,[1. 0. 0. 0. 0. 0. 0. 0. 0. 0. 0. 1. 0. 0. 0. 0. 0. 1. 0. 0.],1.6397713681484618,3,-0.0009667715468135399,-0.07222713643791973,True
76300,218,-118.52886892832633,[0. 1. 0. 0. 0. 0. 1. 0. 0. 0. 0. 0. 0. 0. 0. 0. 0. 0. 0. 0.],1.6646981275475188,4,-0.0010953809064538798,-0.07244081324805399,True
76650,219,-127.59943467486558,[0. 0. 0. 0. 0. 0. 0. 0. 0. 0. 0. 0. 0. 0. 0. 0. 0. 0. 0. 0.],1.7514204953552226,5,-0.0011849635224504323,-0.08451914452333022,True
77000,220,-112.55436973490316,[0. 0. 0. 0. 0. 0. 0. 0. 0. 0. 0. 0. 0. 1. 0. 0. 1. 0. 0. 0.],1.5936338533557595,3,-0.001137076980104814,-0.08236430221965216,True
77350,221,-132.09238935211454,[0. 0. 0. 0. 0. 0. 0. 0. 0. 0. 0. 0. 0. 0. 0. 0. 0. 0. 0. 0.],1.8870341336016363,0,-0.0011850064039067069,-0.09775089342435328,True
77700,222,-119.89637613097538,[0. 0. 0. 0. 0. 0. 0. 0. 0. 0. 0. 0. 0. 0. 0. 0. 0. 0. 0. 0.],1.6413768018710766,5,-0.0011587301425068739,-0.09754395511944806,True
78050,223,-117.98275528130476,[0. 0. 1. 0. 1. 0. 0. 0. 0. 0. 0. 0. 0. 0. 1. 0. 0. 0. 0. 0.],1.6711822183043537,4,-0.001095261557277131,-0.09264369381742771,True
78400,224,-123.73300216745741,[0. 0. 0. 1. 1. 0. 0. 0. 1. 0. 0. 0. 0. 0. 0. 0. 0. 0. 0. 0.],1.8104714595351055,0,-0.0011618935111263157,-0.09533273685464133,True
78750,225,-137.07998909959034,[0. 0. 0. 0. 0. 0. 0. 0. 0. 0. 1. 0. 0. 0. 0. 0. 0. 0. 0. 0.],1.9297141299941472,3,-0.001215976729959902,-0.0904553501156957,True
79100,226,-117.87552312066474,[0. 0. 0. 0. 0. 0. 0. 0. 0. 0. 0. 0. 0. 0. 0. 0. 0. 0. 1. 0.],1.6839360445809246,1,-0.001217757615917005,-0.08936510272801668,True
79450,227,-129.53177510398694,[0. 0. 0. 0. 0. 0. 0. 0. 0. 0. 0. 0. 0. 0. 0. 0. 0. 0. 0. 0.],1.8075967871998135,3,-0.0012963986329069114,-0.09400174514238287,True
79800,228,-123.58406418596877,[0. 0. 0. 0. 0. 0. 0. 0. 0. 0. 0. 0. 1. 0. 0. 0. 0. 1. 0. 0.],1.7654866312281254,2,-0.0013525027801262882,-0.09697428696560831,True
80150,229,-119.61328285481345,[0. 0. 1. 0. 0. 0. 0. 0. 1. 0. 0. 1. 0. 0. 0. 0. 0. 0. 0. 0.],1.7230468979259064,2,-0.001363611173161661,-0.09683980855482055,True
80500,230,-122.81908276487407,[0. 0. 0. 0. 0. 0. 0. 0. 0. 0. 0. 0. 0. 0. 0. 0. 0. 0. 0. 0.],1.7402726109267723,1,-0.0012733945692011306,-0.0925435212748964,True
80850,231,-113.2384943788786,[0. 0. 0. 1. 0. 1. 0. 0. 0. 0. 1. 0. 0. 0. 0. 0. 0. 0. 0. 0.],1.6319784911268362,2,-0.0013231932905274268,-0.09026003525217006,True
81200,232,-124.94143705794497,[0. 0. 0. 1. 0. 0. 0. 0. 0. 0. 0. 0. 0. 0. 0. 0. 0. 0. 0. 0.],1.7705919579706424,2,-0.001348049190517871,-0.09288052853089764,True
81550,233,-131.50274230351758,[0. 0. 0. 0. 1. 0. 0. 0. 0. 0. 0. 0. 0. 0. 0. 0. 0. 0. 0. 0.],1.8786106043359658,1,-0.001296180174041885,-0.10337617410413817,True
81900,234,-120.24160368363655,[0. 0. 0. 0. 0. 0. 0. 0. 0. 0. 0. 0. 0. 0. 0. 1. 0. 0. 0. 0.],1.6891657669090936,3,-0.001247008163676376,-0.09929106968927075,True
82250,235,-122.29768602786515,[0. 0. 0. 0. 0. 1. 0. 0. 0. 0. 0. 0. 0. 0. 0. 0. 0. 0. 0. 0.],1.704252657540931,4,-0.0013007004030235413,-0.1014025716628599,True
82600,236,-132.1925224604862,[0. 0. 0. 0. 0. 0. 0. 0. 0. 0. 0. 0. 0. 0. 0. 0. 0. 0. 0. 0.],1.8456074637212314,3,-0.0012447707342821107,-0.101781821740177,True
82950,237,-125.11913237909688,[0. 0. 0. 0. 0. 0. 0. 0. 0. 0. 1. 0. 0. 0. 0. 0. 0. 0. 0. 0.],1.7588447482728125,3,-0.0012656232376905168,-0.09417194502820155,True
83300,238,-127.47674216872704,[0. 0. 0. 1. 0. 0. 1. 0. 0. 0. 0. 0. 0. 0. 0. 0. 0. 0. 0. 0.],1.792524888124672,4,-0.0012806569121672654,-0.09490965628725508,True
83650,239,-120.73134945847457,[0. 1. 0. 0. 0. 0. 0. 0. 0. 0. 0. 0. 0. 0. 0. 0. 0. 0. 0. 1.],1.7533049922639223,0,-0.0014199550461883295,-0.09244442680071693,True
84000,240,-119.68972845415203,[0. 0. 0. 0. 0. 0. 0. 0. 0. 1. 0. 0. 1. 0. 0. 0. 0. 0. 0. 0.],1.709853263630743,2,-0.0014387320982680086,-0.09074279826381826,True
84350,241,-120.77520128677611,[0. 0. 0. 0. 0. 0. 0. 0. 0. 1. 0. 0. 0. 0. 0. 0. 0. 0. 0. 0.],1.6825028755253728,4,-0.0014881730131217018,-0.09171253753019051,True
84700,242,-120.96457751404407,[0. 0. 0. 0. 0. 0. 0. 0. 0. 0. 0. 0. 0. 0. 0. 0. 0. 1. 0. 0.],1.6852082502006291,4,-0.0014750769179015313,-0.08801315233503511,True
85050,243,-130.90764322325612,[0. 0. 0. 0. 0. 0. 0. 0. 0. 0. 0. 0. 0. 0. 0. 0. 0. 0. 0. 0.],1.7843949031893729,6,-0.001504492550507805,-0.07999337557028786,True
85400,244,-116.25035941843247,[0. 0. 0. 1. 1. 0. 0. 0. 1. 0. 1. 0. 0. 0. 0. 0. 0. 0. 0. 0.],1.7178622774061778,0,-0.0016009427417622594,-0.0793937287177266,True
85750,245,-120.08548010454327,[1. 0. 0. 0. 0. 0. 0. 0. 0. 0. 0. 0. 0. 0. 1. 0. 0. 0. 1. 0.],1.729792572922046,2,-0.0015911495240121206,-0.07648803250191112,True
86100,246,-115.46705428083474,[0. 0. 0. 0. 0. 0. 1. 0. 0. 0. 0. 0. 0. 0. 1. 1. 0. 0. 0. 0.],1.6638150611547822,2,-0.0015568152151810418,-0.08301914886607771,True
86450,247,-121.30112040327724,[0. 0. 0. 0. 0. 0. 0. 0. 0. 0. 0. 0. 0. 0. 0. 0. 0. 0. 0. 0.],1.675730291475389,4,-0.0014964754137308867,-0.09130637067718689,True
86800,248,-128.7355325603341,[0. 0. 1. 0. 1. 0. 0. 0. 0. 0. 0. 0. 0. 0. 0. 1. 0. 1. 0. 0.],1.7676504651476297,9,-0.0014366246444373549,-0.08444297950911513,True
87150,249,-119.70106733949333,[0. 0. 0. 0. 0. 0. 0. 0. 0. 0. 0. 0. 0. 0. 0. 0. 0. 0. 0. 0.],1.6957295334213338,1,-0.0014184727147873188,-0.07775499485612433,True
87500,250,-128.02698474644436,[0. 0. 0. 0. 0. 0. 0. 0. 1. 0. 0. 0. 0. 0. 0. 0. 0. 0. 0. 0.],1.671814067806348,12,-0.001332909206484619,-0.08488757336980862,True
87850,251,-124.92638427125323,[0. 0. 0. 0. 0. 0. 0. 0. 0. 0. 0. 0. 0. 0. 0. 0. 0. 0. 0. 0.],1.7275197753036173,4,-0.001310476941702209,-0.08951347052349522,True
88200,252,-119.83262202418776,[0. 0. 0. 0. 0. 0. 0. 0. 1. 0. 0. 0. 0. 0. 0. 0. 1. 0. 0. 0.],1.6976088860598249,3,-0.0012799537193047426,-0.0882680028203307,True
88550,253,-109.94500719334985,[0. 0. 0. 1. 0. 0. 0. 0. 0. 0. 0. 0. 1. 0. 0. 0. 0. 0. 0. 0.],1.599214388476426,0,-0.0012323507947049907,-0.07965992168713804,True
88900,254,-118.60572104849898,[0. 1. 0. 0. 0. 0. 0. 0. 0. 0. 0. 0. 0. 0. 0. 0. 0. 0. 0. 0.],1.6657960149785567,3,-0.001267628626924424,-0.0791457181941034,True
89250,255,-123.7289342688557,[0. 0. 0. 1. 0. 0. 0. 0. 0. 0. 1. 0. 0. 0. 0. 0. 1. 0. 0. 0.],1.7389847752693666,5,-0.0012843870168150464,-0.07001525219971072,True
89600,256,-126.76173183111263,[0. 0. 0. 0. 0. 0. 0. 0. 0. 0. 0. 0. 0. 0. 0. 0. 0. 0. 0. 0.],1.7394533118730373,5,-0.0013334058874170701,-0.06683227298178736,True
89950,257,-129.0391131315454,[0. 0. 0. 0. 0. 0. 0. 0. 0. 0. 0. 0. 0. 0. 0. 0. 0. 0. 0. 0.],1.7434159018792195,7,-0.001353876590664089,-0.062230266621243806,True
90300,258,-120.27220284962014,[0. 0. 0. 0. 0. 0. 0. 0. 0. 0. 0. 0. 0. 0. 0. 0. 1. 0. 1. 0.],1.7038886121374304,3,-0.0013874424803969703,-0.05962942425138201,True
90650,259,-127.52275717694963,[0. 0. 0. 0. 0. 0. 0. 0. 1. 0. 0. 0. 0. 0. 0. 0. 0. 0. 0. 0.],1.8360393882421375,0,-0.0014204354111884618,-0.052977681380195873,True
91000,260,-111.990983717333,[0. 1. 0. 0. 0. 0. 0. 0. 0. 0. 0. 0. 0. 0. 0. 1. 0. 0. 0. 0.],1.5427283388190425,6,-0.0012852757602590179,-0.05650043689574506,True
91350,261,-120.97748593878485,[0. 0. 0. 0. 0. 0. 0. 0. 0. 0. 0. 0. 0. 0. 0. 0. 0. 0. 0. 0.],1.7139640848397835,1,-0.001238099515966226,-0.06063510123517002,True
91700,262,-121.70800271681678,[0. 0. 1. 0. 0. 1. 0. 0. 0. 0. 0. 0. 0. 0. 0. 0. 0. 0. 0. 0.],1.6958286102402396,5,-0.0012500301218970854,-0.06018204622580596,True
92050,263,-123.80919302663037,[0. 0. 0. 0. 0. 0. 0. 0. 0. 0. 1. 0. 0. 0. 0. 0. 0. 0. 0. 0.],1.7258456146661478,4,-0.0012738612781915074,-0.05973523286188521,True
92400,264,-125.02759702490837,[0. 0. 0. 0. 1. 0. 0. 0. 1. 0. 0. 0. 0. 0. 0. 0. 0. 0. 0. 0.],1.786108528927262,2,-0.0013784107826857162,-0.058455866381086415,True
92750,265,-116.83713493043811,[0. 0. 0. 1. 0. 0. 0. 0. 0. 1. 1. 0. 0. 0. 0. 0. 1. 0. 0. 0.],1.626244784720544,7,-0.0013392457864398273,-0.05442112336947829,True
93100,266,-120.36121501313242,[0. 0. 0. 1. 0. 0. 0. 0. 0. 1. 0. 0. 0. 0. 0. 0. 0. 0. 0. 0.],1.6908745001876058,4,-0.0013476021041622362,-0.05812251671327358,True
93450,267,-115.93778950026422,[0. 0. 0. 0. 0. 0. 0. 0. 0. 0. 0. 0. 1. 0. 0. 1. 1. 0. 0. 0.],1.6562541357180605,3,-0.0012858736555245902,-0.061253577770366684,True
93800,268,-120.69986785774857,[0. 0. 0. 0. 1. 0. 0. 0. 0. 0. 0. 0. 0. 0. 0. 0. 1. 0. 0. 1.],1.7671409693964075,0,-0.0013057758769781374,-0.05791743120220716,True
94150,269,-118.01841288315042,[0. 0. 0. 0. 0. 1. 0. 0. 0. 0. 0. 0. 0. 0. 0. 0. 0. 0. 1. 0.],1.643120184045006,5,-0.001288452499356472,-0.06659232790943122,True
94500,270,-124.84963951765656,[0. 0. 0. 0. 0. 0. 0. 0. 0. 0. 0. 0. 0. 0. 0. 0. 0. 0. 0. 0.],1.7835662788236655,0,-0.0012715573429017068,-0.06713903008125878,True
94850,271,-123.85442957581479,[0. 0. 0. 1. 0. 0. 0. 0. 0. 0. 0. 0. 0. 0. 0. 0. 0. 0. 0. 0.],1.769348993940211,1,-0.0013397271328217757,-0.07301245758911798,True
95200,272,-118.99748881658324,[0. 0. 0. 0. 0. 0. 0. 0. 0. 0. 0. 0. 0. 0. 0. 0. 0. 0. 0. 0.],1.6999641259511893,0,-0.0013935448896964932,-0.07641731810530962,True
95550,273,-122.21277937079286,[0. 0. 0. 0. 0. 0. 0. 1. 0. 0. 0. 1. 1. 0. 0. 0. 0. 0. 0. 0.],1.745896848154183,3,-0.0014843911726154452,-0.0766789831186106,True
95900,274,-126.75025129018665,[0. 0. 0. 0. 0. 0. 0. 0. 0. 0. 0. 0. 0. 0. 0. 0. 0. 0. 0. 0.],1.7964321612883805,1,-0.0014767021060610502,-0.08027526892982828,True
96250,275,-129.8058418653427,[0. 0. 0. 1. 0. 0. 0. 0. 0. 0. 0. 0. 0. 0. 0. 0. 0. 0. 0. 1.],1.811512026647753,5,-0.0015546252251727062,-0.07966137130599311,True
96600,276,-130.80449305899415,[0. 1. 0. 0. 0. 0. 0. 0. 0. 0. 0. 0. 0. 0. 0. 0. 0. 0. 0. 0.],1.8543499008427733,2,-0.0015638710881476392,-0.0876307939911447,True
96950,277,-124.6983378325748,[0. 0. 0. 0. 0. 0. 0. 0. 0. 0. 0. 0. 0. 0. 0. 0. 0. 0. 0. 0.],1.7242619690367829,4,-0.0015969390149869025,-0.09043178149846204,True
97300,278,-123.60842492935711,[0. 0. 0. 0. 1. 0. 0. 0. 0. 0. 0. 0. 0. 0. 0. 0. 0. 0. 0. 0.],1.765834641847959,1,-0.001603459098973942,-0.0853673743076984,True
97650,279,-125.73160318922689,[0. 0. 0. 0. 0. 0. 1. 0. 0. 0. 0. 0. 0. 0. 0. 1. 0. 0. 0. 0.],1.7675943312746698,4,-0.0015753368254615074,-0.07830438424684515,True
98000,280,-121.63441103863974,[0. 0. 0. 0. 0. 0. 0. 0. 0. 0. 0. 1. 0. 0. 0. 0. 0. 0. 0. 0.],1.7519201576948535,0,-0.0015995200802159644,-0.08163749554190056,True
98350,281,-120.76627923857623,[1. 0. 0. 0. 0. 0. 0. 0. 0. 0. 1. 0. 0. 0. 0. 0. 0. 0. 0. 0.],1.6966611319796607,4,-0.0016282440393667655,-0.08009948731634382,True
98700,282,-123.00430043938428,[0. 0. 1. 0. 0. 0. 1. 1. 0. 0. 0. 0. 0. 0. 0. 0. 0. 0. 1. 0.],1.7286328634197747,6,-0.0016428494879139673,-0.0900331279437081,True
99050,283,-125.16521475858363,[0. 0. 0. 0. 0. 0. 0. 0. 0. 0. 1. 0. 0. 0. 0. 0. 0. 0. 1. 0.],1.802360210836909,1,-0.001608140432377357,-0.08479468665001522,True
99400,284,-123.75507706721135,[0. 0. 0. 0. 0. 0. 0. 0. 0. 0. 0. 1. 0. 0. 0. 0. 0. 0. 0. 0.],1.7679296723887334,1,-0.0017009257006229636,-0.08483938575843553,True
99750,285,-120.80619943220394,[0. 0. 0. 0. 0. 0. 1. 0. 0. 0. 0. 0. 0. 1. 0. 0. 0. 0. 0. 0.],1.754374277602913,0,-0.0017266793341296307,-0.08506663737700433,True
100100,286,-132.86747191000316,[0. 0. 0. 0. 0. 0. 0. 0. 0. 0. 0. 0. 1. 0. 1. 0. 0. 0. 1. 0.],1.8838210272857594,4,-0.0017433422083365996,-0.07716165229664605,True
100450,287,-128.32818346763062,[0. 0. 0. 1. 0. 0. 0. 0. 0. 0. 0. 1. 0. 0. 0. 1. 0. 0. 0. 0.],1.8189740495375804,4,-0.001734282975690661,-0.07497264244476337,True
100800,288,-135.3917847909044,[0. 0. 0. 0. 0. 1. 0. 0. 0. 0. 0. 0. 0. 0. 0. 0. 0. 0. 0. 0.],1.8341683541557774,8,-0.0017280503671108745,-0.07804506389207486,True
101150,289,-118.50585929167866,[0. 1. 0. 0. 0. 0. 0. 0. 0. 0. 0. 0. 0. 0. 0. 0. 0. 0. 0. 0.],1.664369418452552,3,-0.001763728701021467,-0.07974548804144364,True
101500,290,-121.72340000168853,[0. 1. 0. 0. 0. 0. 0. 0. 0. 0. 0. 0. 0. 0. 0. 0. 0. 0. 0. 0.],1.738905714309837,1,-0.0017315424990977102,-0.08213647883785992,True
101850,291,-125.07833942015125,[0. 0. 0. 0. 0. 0. 0. 0. 0. 0. 0. 0. 0. 0. 0. 0. 1. 0. 0. 0.],1.7725477060021608,2,-0.001763043339804553,-0.07886112646445109,True
102200,292,-123.83291194582344,[0. 0. 0. 0. 0. 0. 0. 0. 0. 0. 0. 0. 0. 0. 1. 0. 0. 0. 0. 0.],1.7690415992260489,1,-0.0017541800413557653,-0.08343323244578663,True
